WT,Pos.,Mutant,secondary,metal,disulfide,dimer,massb (daltons),Occurrence in proteins{%),Volume (A3),van der Waals volume1 (A3),Accessible surface (A2),Hydrophobicity in pH = 2,Hydrophobicity in pH = 7,Hydropathy,Propensity alpha,Propensity inner alpha,Propensity beta,Propensity coil
A,1,A,N,23.22327915,22.75497184,12.17266556,0.0,0.0,0.0,0.0,0.0,0.0,0.0,0.0,0.0,0.0,0.0,0.0
T,2,T,N,24.7084741,24.71400784,15.45094397,0.0,0.0,0.0,0.0,0.0,0.0,0.0,0.0,0.0,0.0,0.0,0.0
K,3,K,b1,24.51130741,22.84555465,15.74620786,0.0,0.0,0.0,0.0,0.0,0.0,0.0,0.0,0.0,0.0,0.0,0.0
K,3,E,b1,24.51130741,22.84555465,15.74620786,0.941299999999984,0.5,-16.0,-26.0,-29.0,19.0,13.0,0.3999999999999999,0.45999999999999996,0.32000000000000006,-0.48,-0.18000000000000005
A,4,A,b1,19.09787782,17.00186792,11.03439363,0.0,0.0,0.0,0.0,0.0,0.0,0.0,0.0,0.0,0.0,0.0,0.0
A,4,P,b1,19.09787782,17.00186792,11.03439363,26.037899999999993,-2.4000000000000004,37.0,23.0,38.0,-93.0,-87.0,-3.4000000000000004,-0.86,-1.59,-0.35,0.7899999999999999
A,4,T,b1,19.09787782,17.00186792,11.03439363,30.026299999999992,-1.5,30.0,26.0,35.0,-34.0,-28.0,-2.5,-0.63,-0.8400000000000001,0.22999999999999998,0.39
A,4,V,b1,19.09787782,17.00186792,11.03439363,28.053799999999995,-1.0,50.0,38.0,50.0,32.0,35.0,2.4000000000000004,-0.31000000000000005,-0.17000000000000015,0.6799999999999999,0.0
A,4,S,b1,19.09787782,17.00186792,11.03439363,15.999399999999994,-0.09999999999999964,7.0,6.0,13.0,-54.0,-46.0,-2.6,-0.6599999999999999,-0.8900000000000001,-0.25,0.61
A,4,F,b1,19.09787782,17.00186792,11.03439363,76.0978,-3.6,111.0,68.0,108.0,45.0,59.0,0.9999999999999998,-0.32999999999999985,-0.4500000000000002,0.31000000000000005,0.15000000000000002
V,5,V,b1,19.64141281,14.90189806,12.421,0.0,0.0,0.0,0.0,0.0,0.0,0.0,0.0,0.0,0.0,0.0,0.0
V,5,L,b1,19.64141281,14.90189806,12.421,14.026899999999998,2.5999999999999996,26.0,19.0,20.0,21.0,21.0,0.2999999999999998,0.20000000000000018,0.49,-0.42999999999999994,0.0
C,6,C,b1,15.861627599999998,10.58659902,12.08869894,0.0,0.0,0.0,0.0,0.0,0.0,0.0,0.0,0.0,0.0,0.0,0.0
C,6,S,b1,15.861627599999998,10.58659902,12.08869894,-16.066600000000008,5.6000000000000005,-7.0,-13.0,-24.0,-59.0,-54.0,-3.3,0.020000000000000018,0.36999999999999994,-0.5800000000000001,0.19999999999999996
C,6,G,b1,15.861627599999998,10.58659902,12.08869894,-46.092800000000004,5.3,-40.0,-38.0,-104.0,-52.0,-49.0,-2.9,-0.24,0.2,-0.49,0.34999999999999987
C,6,F,b1,15.861627599999998,10.58659902,12.08869894,44.031800000000004,2.0999999999999996,97.0,49.0,71.0,40.0,51.0,0.2999999999999998,0.3500000000000001,0.8099999999999998,-0.020000000000000018,-0.26
C,6,W,b1,15.861627599999998,10.58659902,12.08869894,83.0685,-0.5,134.0,77.0,113.0,32.0,48.0,-3.4,0.3699999999999999,1.0,-0.1100000000000001,-0.2500000000000001
V,7,V,b1,18.88402782,10.62619199,15.04569154,0.0,0.0,0.0,0.0,0.0,0.0,0.0,0.0,0.0,0.0,0.0,0.0
V,7,E,b1,18.88402782,10.62619199,15.04569154,29.9829,-0.20000000000000018,13.0,4.0,21.0,-97.0,-86.0,-7.7,0.3900000000000001,0.030000000000000027,-1.39,0.20999999999999996
L,8,L,b1,14.2794709,7.533093158,15.63906023,0.0,0.0,0.0,0.0,0.0,0.0,0.0,0.0,0.0,0.0,0.0,0.0
L,8,Q,b1,14.2794709,7.533093158,15.63906023,14.9713,-5.0,-7.0,-10.0,7.0,-92.0,-128.0,-8.0,-0.17000000000000015,-0.9299999999999999,0.010000000000000009,0.13
L,8,V,b1,14.2794709,7.533093158,15.63906023,-14.026899999999998,-2.5999999999999996,-26.0,-19.0,-20.0,-21.0,-21.0,-0.2999999999999998,-0.20000000000000018,-0.49,0.42999999999999994,0.0
K,9,K,b1,19.37141439,9.238877451,18.79310963,0.0,0.0,0.0,0.0,0.0,0.0,0.0,0.0,0.0,0.0,0.0,0.0
G,10,G,l1,17.429819100000003,7.085332974,19.77803564,0.0,0.0,0.0,0.0,0.0,0.0,0.0,0.0,0.0,0.0,0.0,0.0
G,10,V,l1,17.429819100000003,7.085332974,19.77803564,42.0806,-0.5999999999999996,76.0,57.0,117.0,79.0,76.0,4.6000000000000005,0.6099999999999999,0.8899999999999999,0.8399999999999999,-0.7599999999999999
G,10,R,l1,17.429819100000003,7.085332974,19.77803564,99.13560000000001,-1.8999999999999995,159.0,100.0,196.0,-26.0,-14.0,-4.1,0.26,0.14,0.08999999999999997,-0.21999999999999997
D,11,D,l1,19.26032627,9.281030303,22.65743192,0.0,0.0,0.0,0.0,0.0,0.0,0.0,0.0,0.0,0.0,0.0,0.0
D,11,A,l1,19.26032627,9.281030303,22.65743192,-44.0098,2.3,-33.0,-24.0,-39.0,65.0,96.0,5.3,0.47,1.06,0.16999999999999993,-0.43000000000000005
D,11,Y,l1,19.26032627,9.281030303,22.65743192,48.08739999999999,-1.9000000000000004,78.0,50.0,81.0,67.0,118.0,2.2,-0.37,0.04999999999999993,0.49,0.09999999999999987
G,12,G,l1,19.89190412,11.06310562,24.21948758,0.0,0.0,0.0,0.0,0.0,0.0,0.0,0.0,0.0,0.0,0.0,0.0
G,12,R,l1,19.89190412,11.06310562,24.21948758,99.13560000000001,-1.8999999999999995,159.0,100.0,196.0,-26.0,-14.0,-4.1,0.26,0.14,0.08999999999999997,-0.21999999999999997
P,13,P,l1,20.8215293,13.38087064,25.88700692,0.0,0.0,0.0,0.0,0.0,0.0,0.0,0.0,0.0,0.0,0.0,0.0
V,14,V,l1,16.68885284,10.18413936,22.06880673,0.0,0.0,0.0,0.0,0.0,0.0,0.0,0.0,0.0,0.0,0.0,0.0
V,14,M,l1,16.68885284,10.18413936,22.06880673,32.066,-3.7,29.0,19.0,43.0,-5.0,-2.0,-2.3000000000000003,0.06000000000000005,-0.16999999999999993,0.020000000000000018,-0.050000000000000044
V,14,G,l1,16.68885284,10.18413936,22.06880673,-42.0806,0.5999999999999996,-76.0,-57.0,-117.0,-79.0,-76.0,-4.6000000000000005,-0.6099999999999999,-0.8899999999999999,-0.8399999999999999,0.7599999999999999
Q,15,Q,b2,20.1963051,12.09419103,21.79009198,0.0,0.0,0.0,0.0,0.0,0.0,0.0,0.0,0.0,0.0,0.0,0.0
G,16,G,b2,17.83506645,11.24295328,18.66591406,0.0,0.0,0.0,0.0,0.0,0.0,0.0,0.0,0.0,0.0,0.0,0.0
G,16,A,b2,17.83506645,11.24295328,18.66591406,14.026800000000001,0.40000000000000036,26.0,19.0,67.0,47.0,41.0,2.2,0.9199999999999999,1.06,0.15999999999999992,-0.7599999999999999
G,16,S,b2,17.83506645,11.24295328,18.66591406,30.026199999999996,0.3000000000000007,33.0,25.0,80.0,-7.0,-5.0,-0.4,0.26,0.16999999999999993,-0.09000000000000008,-0.1499999999999999
I,17,I,b2,19.88002891,13.88176309,17.77314361,0.0,0.0,0.0,0.0,0.0,0.0,0.0,0.0,0.0,0.0,0.0,0.0
I,18,I,b2,15.52565548,12.89698723,15.53790857,0.0,0.0,0.0,0.0,0.0,0.0,0.0,0.0,0.0,0.0,0.0,0.0
N,19,N,b2,19.63410668,17.03034626,15.87022938,0.0,0.0,0.0,0.0,0.0,0.0,0.0,0.0,0.0,0.0,0.0,0.0
N,19,S,b2,19.63410668,17.03034626,15.87022938,-27.0257,2.8000000000000007,-36.0,-23.0,-33.0,34.0,23.0,2.7,0.06000000000000005,0.16999999999999993,0.06999999999999995,-0.06000000000000005
F,20,F,b2,16.12561702,15.75776581,12.62881248,0.0,0.0,0.0,0.0,0.0,0.0,0.0,0.0,0.0,0.0,0.0,0.0
F,20,C,b2,16.12561702,15.75776581,12.62881248,-44.031800000000004,-2.0999999999999996,-97.0,-49.0,-71.0,-40.0,-51.0,-0.2999999999999998,-0.3500000000000001,-0.8099999999999998,0.020000000000000018,0.26
E,21,E,b2,22.1659307,22.688721100000002,16.88442273,0.0,0.0,0.0,0.0,0.0,0.0,0.0,0.0,0.0,0.0,0.0,0.0
E,21,K,b2,22.1659307,22.688721100000002,16.88442273,-0.941299999999984,-0.5,16.0,26.0,29.0,-19.0,-13.0,-0.3999999999999999,-0.45999999999999996,-0.32000000000000006,0.48,0.18000000000000005
E,21,G,b2,22.1659307,22.688721100000002,16.88442273,-72.0635,0.7999999999999998,-89.0,-61.0,-138.0,18.0,10.0,3.1,-1.0,-0.9199999999999999,0.55,0.5499999999999999
Q,22,Q,b2,20.86288635,23.43387829,15.54842586,0.0,0.0,0.0,0.0,0.0,0.0,0.0,0.0,0.0,0.0,0.0,0.0
Q,22,L,b2,20.86288635,23.43387829,15.54842586,-14.9713,5.0,7.0,10.0,-7.0,92.0,128.0,8.0,0.17000000000000015,0.9299999999999999,-0.010000000000000009,-0.13
Q,22,R,b2,20.86288635,23.43387829,15.54842586,28.05680000000001,1.1000000000000005,64.0,34.0,52.0,-34.0,17.0,-1.0,-0.3799999999999999,-0.30999999999999994,-0.32999999999999996,0.4099999999999999
K,23,K,l2,25.88850167,28.29397196,21.15272928,0.0,0.0,0.0,0.0,0.0,0.0,0.0,0.0,0.0,0.0,0.0,0.0
E,24,E,l2,26.06088329,29.57006273,20.81660495,0.0,0.0,0.0,0.0,0.0,0.0,0.0,0.0,0.0,0.0,0.0,0.0
S,25,S,l2,25.04147568,28.61070494,18.61272357,0.0,0.0,0.0,0.0,0.0,0.0,0.0,0.0,0.0,0.0,0.0,0.0
N,26,N,l2,22.85485837,27.96588275,18.73174426,0.0,0.0,0.0,0.0,0.0,0.0,0.0,0.0,0.0,0.0,0.0,0.0
G,27,G,l2,21.90441811,26.73461536,18.99679056,0.0,0.0,0.0,0.0,0.0,0.0,0.0,0.0,0.0,0.0,0.0,0.0
P,28,P,l2,20.74492661,25.793791199999998,19.83294526,0.0,0.0,0.0,0.0,0.0,0.0,0.0,0.0,0.0,0.0,0.0,0.0
V,29,V,b3,17.13138038,20.57863114,15.3318424,0.0,0.0,0.0,0.0,0.0,0.0,0.0,0.0,0.0,0.0,0.0,0.0
V,29,A,b3,17.13138038,20.57863114,15.3318424,-28.053799999999995,1.0,-50.0,-38.0,-50.0,-32.0,-35.0,-2.4000000000000004,0.31000000000000005,0.17000000000000015,-0.6799999999999999,0.0
K,30,K,b3,21.39708372,23.82872179,20.06543673,0.0,0.0,0.0,0.0,0.0,0.0,0.0,0.0,0.0,0.0,0.0,0.0
V,31,V,b3,15.24582308,17.17126968,16.26705718,0.0,0.0,0.0,0.0,0.0,0.0,0.0,0.0,0.0,0.0,0.0,0.0
V,31,A,b3,15.24582308,17.17126968,16.26705718,-28.053799999999995,1.0,-50.0,-38.0,-50.0,-32.0,-35.0,-2.4000000000000004,0.31000000000000005,0.17000000000000015,-0.6799999999999999,0.0
W,32,W,b3,20.305688699999997,19.712459699999997,18.61547344,0.0,0.0,0.0,0.0,0.0,0.0,0.0,0.0,0.0,0.0,0.0,0.0
G,33,G,b3,18.9746921,17.12016493,19.90435849,0.0,0.0,0.0,0.0,0.0,0.0,0.0,0.0,0.0,0.0,0.0,0.0
S,34,S,b3,19.6172284,16.27608445,21.67297672,0.0,0.0,0.0,0.0,0.0,0.0,0.0,0.0,0.0,0.0,0.0,0.0
I,35,I,b3,15.83898865,12.41966199,20.38808503,0.0,0.0,0.0,0.0,0.0,0.0,0.0,0.0,0.0,0.0,0.0,0.0
K,36,K,b3,21.98196229,15.76830077,24.71297818,0.0,0.0,0.0,0.0,0.0,0.0,0.0,0.0,0.0,0.0,0.0,0.0
G,37,G,l3,20.25121369,14.93620306,25.98076636,0.0,0.0,0.0,0.0,0.0,0.0,0.0,0.0,0.0,0.0,0.0,0.0
G,37,V,l3,20.25121369,14.93620306,25.98076636,42.0806,-0.5999999999999996,76.0,57.0,117.0,79.0,76.0,4.6000000000000005,0.6099999999999999,0.8899999999999999,0.8399999999999999,-0.7599999999999999
G,37,R,l3,20.25121369,14.93620306,25.98076636,99.13560000000001,-1.8999999999999995,159.0,100.0,196.0,-26.0,-14.0,-4.1,0.26,0.14,0.08999999999999997,-0.21999999999999997
L,38,L,l3,16.61549731,13.80648235,24.31437361,0.0,0.0,0.0,0.0,0.0,0.0,0.0,0.0,0.0,0.0,0.0,0.0
L,38,R,l3,16.61549731,13.80648235,24.31437361,43.02810000000001,-3.8999999999999995,57.0,24.0,59.0,-126.0,-111.0,-9.0,-0.55,-1.2399999999999998,-0.31999999999999995,0.5399999999999999
L,38,V,l3,16.61549731,13.80648235,24.31437361,-14.026899999999998,-2.5999999999999996,-26.0,-19.0,-20.0,-21.0,-21.0,-0.2999999999999998,-0.20000000000000018,-0.49,0.42999999999999994,0.0
T,39,T,l3,18.60175504,16.86551637,28.34772011,0.0,0.0,0.0,0.0,0.0,0.0,0.0,0.0,0.0,0.0,0.0,0.0
E,40,E,l3,21.14512629,21.37397277,31.34415335,0.0,0.0,0.0,0.0,0.0,0.0,0.0,0.0,0.0,0.0,0.0,0.0
E,40,G,l3,21.14512629,21.37397277,31.34415335,-72.0635,0.7999999999999998,-89.0,-61.0,-138.0,18.0,10.0,3.1,-1.0,-0.9199999999999999,0.55,0.5499999999999999
G,41,G,b4,17.48004275,19.27373335,28.37474671,0.0,0.0,0.0,0.0,0.0,0.0,0.0,0.0,0.0,0.0,0.0,0.0
G,41,S,b4,17.48004275,19.27373335,28.37474671,30.026199999999996,0.3000000000000007,33.0,25.0,80.0,-7.0,-5.0,-0.4,0.26,0.16999999999999993,-0.09000000000000008,-0.1499999999999999
G,41,D,b4,17.48004275,19.27373335,28.37474671,58.0366,-1.8999999999999995,59.0,43.0,106.0,-18.0,-55.0,-3.1,0.44999999999999996,0.0,-0.010000000000000009,-0.32999999999999985
L,42,L,b4,14.276603,18.831222399999998,26.52326409,0.0,0.0,0.0,0.0,0.0,0.0,0.0,0.0,0.0,0.0,0.0,0.0
H,43,H,b4,12.54111893,13.72677778,23.30032526,0.0,0.0,0.0,0.0,0.0,0.0,0.0,0.0,0.0,0.0,0.0,0.0
H,43,R,b4,12.54111893,13.72677778,23.30032526,19.046400000000006,3.0,58.0,30.0,45.0,16.0,-22.0,-1.2999999999999998,-0.44999999999999996,-0.19999999999999996,0.19000000000000006,0.2799999999999999
G,44,G,b4,7.985575365,12.41614284,20.16149184,0.0,0.0,0.0,0.0,0.0,0.0,0.0,0.0,0.0,0.0,0.0,0.0
F,45,F,b4,9.039819428,11.75863379,16.80196482,0.0,0.0,0.0,0.0,0.0,0.0,0.0,0.0,0.0,0.0,0.0,0.0
F,45,C,b4,9.039819428,11.75863379,16.80196482,-44.031800000000004,-2.0999999999999996,-97.0,-49.0,-71.0,-40.0,-51.0,-0.2999999999999998,-0.3500000000000001,-0.8099999999999998,0.020000000000000018,0.26
F,45,S,b4,9.039819428,11.75863379,16.80196482,-60.09840000000001,3.5000000000000004,-104.0,-62.0,-95.0,-99.0,-105.0,-3.5999999999999996,-0.33000000000000007,-0.43999999999999995,-0.56,0.45999999999999996
H,46,H,b4,4.440892784,11.2001319,15.68142268,0.0,0.0,0.0,0.0,0.0,0.0,0.0,0.0,0.0,0.0,0.0,0.0
H,46,R,b4,4.440892784,11.2001319,15.68142268,19.046400000000006,3.0,58.0,30.0,45.0,16.0,-22.0,-1.2999999999999998,-0.44999999999999996,-0.19999999999999996,0.19000000000000006,0.2799999999999999
H,46,D,b4,4.440892784,11.2001319,15.68142268,-22.052599999999998,3.0,-42.0,-27.0,-45.0,24.0,-63.0,-0.2999999999999998,-0.26,-0.33999999999999997,0.09000000000000008,0.17000000000000004
V,47,V,b4,8.061360282,11.30162111,10.78791453,0.0,0.0,0.0,0.0,0.0,0.0,0.0,0.0,0.0,0.0,0.0,0.0
V,47,A,b4,8.061360282,11.30162111,10.78791453,-28.053799999999995,1.0,-50.0,-38.0,-50.0,-32.0,-35.0,-2.4000000000000004,0.31000000000000005,0.17000000000000015,-0.6799999999999999,0.0
V,47,F,b4,8.061360282,11.30162111,10.78791453,48.04400000000001,-2.6,61.0,30.0,58.0,13.0,24.0,-1.4000000000000004,-0.019999999999999796,-0.28,-0.3699999999999999,0.15000000000000002
H,48,H,b4,6.350005695,8.520068513,11.90213792,0.0,0.0,0.0,0.0,0.0,0.0,0.0,0.0,0.0,0.0,0.0,0.0
H,48,Q,b4,6.350005695,8.520068513,11.90213792,-9.010400000000004,1.8999999999999995,-6.0,-4.0,-7.0,50.0,-39.0,-0.2999999999999998,-0.07000000000000006,0.10999999999999999,0.52,-0.13
H,48,R,b4,6.350005695,8.520068513,11.90213792,19.046400000000006,3.0,58.0,30.0,45.0,16.0,-22.0,-1.2999999999999998,-0.44999999999999996,-0.19999999999999996,0.19000000000000006,0.2799999999999999
E,49,E,l4,10.66180181,12.99436941,9.094205654,0.0,0.0,0.0,0.0,0.0,0.0,0.0,0.0,0.0,0.0,0.0,0.0
E,49,K,l4,10.66180181,12.99436941,9.094205654,-0.941299999999984,-0.5,16.0,26.0,29.0,-19.0,-13.0,-0.3999999999999999,-0.45999999999999996,-0.32000000000000006,0.48,0.18000000000000005
F,50,F,l4,12.83993888,11.73490864,10.32554909,0.0,0.0,0.0,0.0,0.0,0.0,0.0,0.0,0.0,0.0,0.0,0.0
G,51,G,l4,14.61409729,9.82708521,8.736477783,0.0,0.0,0.0,0.0,0.0,0.0,0.0,0.0,0.0,0.0,0.0,0.0
D,52,D,l4,15.645470999999999,9.332217856,11.85772168,0.0,0.0,0.0,0.0,0.0,0.0,0.0,0.0,0.0,0.0,0.0,0.0
N,53,N,l4,16.12089203,6.265732926,14.00153298,0.0,0.0,0.0,0.0,0.0,0.0,0.0,0.0,0.0,0.0,0.0,0.0
T,54,T,l4,19.61166582,10.84392812,16.51549556,0.0,0.0,0.0,0.0,0.0,0.0,0.0,0.0,0.0,0.0,0.0,0.0
T,54,R,l4,19.61166582,10.84392812,16.51549556,55.08250000000001,-0.7999999999999998,103.0,55.0,94.0,-39.0,-27.0,-3.8,-0.029999999999999916,-0.07999999999999996,-0.29999999999999993,0.1499999999999999
A,55,A,l4,18.32424807,9.346345244,18.45883872,0.0,0.0,0.0,0.0,0.0,0.0,0.0,0.0,0.0,0.0,0.0,0.0
G,56,G,l4,16.15724545,5.963999648,16.86137079,0.0,0.0,0.0,0.0,0.0,0.0,0.0,0.0,0.0,0.0,0.0,0.0
C,57,C,l4,12.22751887,2.557086113,15.71405279,0.0,0.0,0.0,0.0,0.0,0.0,0.0,0.0,0.0,0.0,0.0,0.0
C,57,R,l4,12.22751887,2.557086113,15.71405279,53.0428,3.4000000000000004,119.0,62.0,92.0,-78.0,-63.0,-7.0,0.020000000000000018,0.34,-0.4,0.1299999999999999
T,58,T,l4,13.45934634,7.162562581,17.45227881,0.0,0.0,0.0,0.0,0.0,0.0,0.0,0.0,0.0,0.0,0.0,0.0
S,59,I,l4,14.556424599999998,7.9962524120000005,14.82143434,26.0813,-1.9000000000000004,70.0,51.0,60.0,107.0,104.0,-2.4000000000000004,0.20999999999999996,0.52,0.8800000000000001,-0.49
S,59,S,l4,14.556424599999998,7.9962524120000005,14.82143434,0.0,0.0,0.0,0.0,0.0,0.0,0.0,0.0,0.0,0.0,0.0,0.0
A,60,A,l4,10.65800047,6.894133837,11.92652847,0.0,0.0,0.0,0.0,0.0,0.0,0.0,0.0,0.0,0.0,0.0,0.0
G,61,G,l4,9.940103475,9.557718505,13.41166824,0.0,0.0,0.0,0.0,0.0,0.0,0.0,0.0,0.0,0.0,0.0,0.0
G,61,R,l4,9.940103475,9.557718505,13.41166824,99.13560000000001,-1.8999999999999995,159.0,100.0,196.0,-26.0,-14.0,-4.1,0.26,0.14,0.08999999999999997,-0.21999999999999997
P,62,P,l4,8.545397452000001,12.53930293,13.91957242,0.0,0.0,0.0,0.0,0.0,0.0,0.0,0.0,0.0,0.0,0.0,0.0
H,63,H,l4,4.267855408,12.51358719,14.91775407,0.0,0.0,0.0,0.0,0.0,0.0,0.0,0.0,0.0,0.0,0.0,0.0
F,64,F,l4,9.698566963,14.92651944,10.49544339,0.0,0.0,0.0,0.0,0.0,0.0,0.0,0.0,0.0,0.0,0.0,0.0
F,64,L,l4,9.698566963,14.92651944,10.49544339,-34.01710000000001,5.199999999999999,-35.0,-11.0,-38.0,8.0,-3.0,1.7000000000000002,0.21999999999999997,0.77,-0.06000000000000005,-0.15000000000000002
N,65,N,l4,9.351898933,18.00884761,15.087897,0.0,0.0,0.0,0.0,0.0,0.0,0.0,0.0,0.0,0.0,0.0,0.0
N,65,S,l4,9.351898933,18.00884761,15.087897,-27.0257,2.8000000000000007,-36.0,-23.0,-33.0,34.0,23.0,2.7,0.06000000000000005,0.16999999999999993,0.06999999999999995,-0.06000000000000005
P,66,P,l4,12.751244999999999,19.69290078,13.69334036,0.0,0.0,0.0,0.0,0.0,0.0,0.0,0.0,0.0,0.0,0.0,0.0
P,66,S,l4,12.751244999999999,19.69290078,13.69334036,-10.038499999999999,2.3000000000000007,-30.0,-17.0,-25.0,39.0,41.0,0.8,0.20000000000000007,0.7,0.09999999999999998,-0.17999999999999994
P,66,R,l4,12.751244999999999,19.69290078,13.69334036,59.07090000000001,0.10000000000000053,96.0,58.0,91.0,20.0,32.0,-2.9,0.20000000000000007,0.67,0.28,-0.25
P,66,A,l4,12.751244999999999,19.69290078,13.69334036,-26.037899999999993,2.4000000000000004,-37.0,-23.0,-38.0,93.0,87.0,3.4000000000000004,0.86,1.59,0.35,-0.7899999999999999
L,67,L,l4,14.64610198,23.54094852,17.78186431,0.0,0.0,0.0,0.0,0.0,0.0,0.0,0.0,0.0,0.0,0.0,0.0
L,67,R,l4,14.64610198,23.54094852,17.78186431,43.02810000000001,-3.8999999999999995,57.0,24.0,59.0,-126.0,-111.0,-9.0,-0.55,-1.2399999999999998,-0.31999999999999995,0.5399999999999999
L,67,P,l4,14.64610198,23.54094852,17.78186431,-16.0428,-4.0,-39.0,-34.0,-32.0,-146.0,-143.0,-6.1,-0.7500000000000001,-1.91,-0.6,0.7899999999999999
S,68,S,l4,13.65429571,22.83726089,19.03204591,0.0,0.0,0.0,0.0,0.0,0.0,0.0,0.0,0.0,0.0,0.0,0.0
R,69,R,l4,13.24997118,24.19409429,20.91838824,0.0,0.0,0.0,0.0,0.0,0.0,0.0,0.0,0.0,0.0,0.0,0.0
K,70,K,l4,11.95813142,23.19543438,23.00811734,0.0,0.0,0.0,0.0,0.0,0.0,0.0,0.0,0.0,0.0,0.0,0.0
H,71,H,l4,6.327715165,18.08906954,20.48153619,0.0,0.0,0.0,0.0,0.0,0.0,0.0,0.0,0.0,0.0,0.0,0.0
H,71,Y,l4,6.327715165,18.08906954,20.48153619,26.03479999999999,1.0999999999999996,36.0,23.0,36.0,91.0,55.0,1.9000000000000001,-0.63,-0.29000000000000004,0.5800000000000001,0.2699999999999999
G,72,G,l4,8.302907559,19.9936708,21.34500903,0.0,0.0,0.0,0.0,0.0,0.0,0.0,0.0,0.0,0.0,0.0,0.0
G,72,S,l4,8.302907559,19.9936708,21.34500903,30.026199999999996,0.3000000000000007,33.0,25.0,80.0,-7.0,-5.0,-0.4,0.26,0.16999999999999993,-0.09000000000000008,-0.1499999999999999
G,72,C,l4,8.302907559,19.9936708,21.34500903,46.092800000000004,-5.3,40.0,38.0,104.0,52.0,49.0,2.9,0.24,-0.2,0.49,-0.34999999999999987
G,73,G,l4,9.95792368,20.63345226,21.91843676,0.0,0.0,0.0,0.0,0.0,0.0,0.0,0.0,0.0,0.0,0.0,0.0
P,74,P,l4,10.96221444,19.97409944,20.49210031,0.0,0.0,0.0,0.0,0.0,0.0,0.0,0.0,0.0,0.0,0.0,0.0
K,75,K,l4,14.97050192,23.91999697,23.20703384,0.0,0.0,0.0,0.0,0.0,0.0,0.0,0.0,0.0,0.0,0.0,0.0
D,76,D,l4,13.13135895,24.27981857,23.85115067,0.0,0.0,0.0,0.0,0.0,0.0,0.0,0.0,0.0,0.0,0.0,0.0
D,76,Y,l4,13.13135895,24.27981857,23.85115067,48.08739999999999,-1.9000000000000004,78.0,50.0,81.0,67.0,118.0,2.2,-0.37,0.04999999999999993,0.49,0.09999999999999987
D,76,V,l4,13.13135895,24.27981857,23.85115067,-15.956000000000003,1.2999999999999998,17.0,14.0,11.0,97.0,131.0,7.7,0.15999999999999992,0.8899999999999999,0.8499999999999999,-0.43000000000000005
E,77,E,l4,16.26626183,27.49795489,24.56742841,0.0,0.0,0.0,0.0,0.0,0.0,0.0,0.0,0.0,0.0,0.0,0.0
E,78,E,l4,13.11199288,24.98062708,23.61696432,0.0,0.0,0.0,0.0,0.0,0.0,0.0,0.0,0.0,0.0,0.0,0.0
R,79,R,l4,9.952215172999999,20.40650099,18.61874135,0.0,0.0,0.0,0.0,0.0,0.0,0.0,0.0,0.0,0.0,0.0,0.0
H,80,H,l4,6.546774745,17.60366443,16.84514015,0.0,0.0,0.0,0.0,0.0,0.0,0.0,0.0,0.0,0.0,0.0,0.0
H,80,R,l4,6.546774745,17.60366443,16.84514015,19.046400000000006,3.0,58.0,30.0,45.0,16.0,-22.0,-1.2999999999999998,-0.44999999999999996,-0.19999999999999996,0.19000000000000006,0.2799999999999999
V,81,V,l4,10.38119329,18.28758842,13.90785372,0.0,0.0,0.0,0.0,0.0,0.0,0.0,0.0,0.0,0.0,0.0,0.0
G,82,G,l4,6.876329557,14.45627185,13.247188199999998,0.0,0.0,0.0,0.0,0.0,0.0,0.0,0.0,0.0,0.0,0.0,0.0
D,83,D,b5,6.172807848,16.28143327,16.80813681,0.0,0.0,0.0,0.0,0.0,0.0,0.0,0.0,0.0,0.0,0.0,0.0
D,83,G,b5,6.172807848,16.28143327,16.80813681,-58.0366,1.8999999999999995,-59.0,-43.0,-106.0,18.0,55.0,3.1,-0.44999999999999996,0.0,0.010000000000000009,0.32999999999999985
L,84,L,b5,9.032727961,15.07616385,15.8483704,0.0,0.0,0.0,0.0,0.0,0.0,0.0,0.0,0.0,0.0,0.0,0.0
L,84,V,b5,9.032727961,15.07616385,15.8483704,-14.026899999999998,-2.5999999999999996,-26.0,-19.0,-20.0,-21.0,-21.0,-0.2999999999999998,-0.20000000000000018,-0.49,0.42999999999999994,0.0
L,84,F,b5,9.032727961,15.07616385,15.8483704,34.01710000000001,-5.199999999999999,35.0,11.0,38.0,-8.0,3.0,-1.7000000000000002,-0.21999999999999997,-0.77,0.06000000000000005,0.15000000000000002
G,85,G,b5,8.308617105,16.07255,19.74895245,0.0,0.0,0.0,0.0,0.0,0.0,0.0,0.0,0.0,0.0,0.0,0.0
G,85,R,b5,8.308617105,16.07255,19.74895245,99.13560000000001,-1.8999999999999995,159.0,100.0,196.0,-26.0,-14.0,-4.1,0.26,0.14,0.08999999999999997,-0.21999999999999997
G,85,S,b5,8.308617105,16.07255,19.74895245,30.026199999999996,0.3000000000000007,33.0,25.0,80.0,-7.0,-5.0,-0.4,0.26,0.16999999999999993,-0.09000000000000008,-0.1499999999999999
N,86,N,b5,10.73081766,16.70331225,22.45301141,0.0,0.0,0.0,0.0,0.0,0.0,0.0,0.0,0.0,0.0,0.0,0.0
N,86,I,b5,10.73081766,16.70331225,22.45301141,-0.9444000000000017,0.9000000000000004,34.0,28.0,27.0,141.0,127.0,0.2999999999999998,0.27,0.69,0.9500000000000001,-0.55
N,86,S,b5,10.73081766,16.70331225,22.45301141,-27.0257,2.8000000000000007,-36.0,-23.0,-33.0,34.0,23.0,2.7,0.06000000000000005,0.16999999999999993,0.06999999999999995,-0.06000000000000005
N,86,D,b5,10.73081766,16.70331225,22.45301141,0.9847000000000037,0.6000000000000005,-10.0,-5.0,-7.0,23.0,-27.0,0.0,0.25,0.0,0.15000000000000002,-0.24
N,86,K,b5,10.73081766,16.70331225,22.45301141,14.070300000000017,1.2000000000000002,36.0,39.0,54.0,4.0,5.0,-0.3999999999999999,0.3400000000000001,0.5999999999999999,0.08999999999999997,-0.28
V,87,V,b5,12.58596665,14.59229505,21.15282215,0.0,0.0,0.0,0.0,0.0,0.0,0.0,0.0,0.0,0.0,0.0,0.0
V,87,A,b5,12.58596665,14.59229505,21.15282215,-28.053799999999995,1.0,-50.0,-38.0,-50.0,-32.0,-35.0,-2.4000000000000004,0.31000000000000005,0.17000000000000015,-0.6799999999999999,0.0
V,87,M,b5,12.58596665,14.59229505,21.15282215,32.066,-3.7,29.0,19.0,43.0,-5.0,-2.0,-2.3000000000000003,0.06000000000000005,-0.16999999999999993,0.020000000000000018,-0.050000000000000044
T,88,T,b5,16.67349947,19.20271365,26.27573629,0.0,0.0,0.0,0.0,0.0,0.0,0.0,0.0,0.0,0.0,0.0,0.0
A,89,A,b5,18.16784404,18.08124566,26.88742914,0.0,0.0,0.0,0.0,0.0,0.0,0.0,0.0,0.0,0.0,0.0,0.0
A,89,T,b5,18.16784404,18.08124566,26.88742914,30.026299999999992,-1.5,30.0,26.0,35.0,-34.0,-28.0,-2.5,-0.63,-0.8400000000000001,0.22999999999999998,0.39
A,89,V,b5,18.16784404,18.08124566,26.88742914,28.053799999999995,-1.0,50.0,38.0,50.0,32.0,35.0,2.4000000000000004,-0.31000000000000005,-0.17000000000000015,0.6799999999999999,0.0
D,90,D,l5,22.33459108,22.09532758,30.36595776,0.0,0.0,0.0,0.0,0.0,0.0,0.0,0.0,0.0,0.0,0.0,0.0
D,90,V,l5,22.33459108,22.09532758,30.36595776,-15.956000000000003,1.2999999999999998,17.0,14.0,11.0,97.0,131.0,7.7,0.15999999999999992,0.8899999999999999,0.8499999999999999,-0.43000000000000005
D,90,A,l5,22.33459108,22.09532758,30.36595776,-44.0098,2.3,-33.0,-24.0,-39.0,65.0,96.0,5.3,0.47,1.06,0.16999999999999993,-0.43000000000000005
D,90,N,l5,22.33459108,22.09532758,30.36595776,-0.9847000000000037,-0.6000000000000005,10.0,5.0,7.0,-23.0,27.0,0.0,-0.25,0.0,-0.15000000000000002,0.24
K,91,K,l5,25.49999916,24.64069882,34.66212856,0.0,0.0,0.0,0.0,0.0,0.0,0.0,0.0,0.0,0.0,0.0,0.0
D,92,D,l5,24.80239296,22.17939624,31.22642487,0.0,0.0,0.0,0.0,0.0,0.0,0.0,0.0,0.0,0.0,0.0,0.0
G,93,G,l5,21.39994158,18.54528984,28.38516164,0.0,0.0,0.0,0.0,0.0,0.0,0.0,0.0,0.0,0.0,0.0,0.0
G,93,S,l5,21.39994158,18.54528984,28.38516164,30.026199999999996,0.3000000000000007,33.0,25.0,80.0,-7.0,-5.0,-0.4,0.26,0.16999999999999993,-0.09000000000000008,-0.1499999999999999
G,93,V,l5,21.39994158,18.54528984,28.38516164,42.0806,-0.5999999999999996,76.0,57.0,117.0,79.0,76.0,4.6000000000000005,0.6099999999999999,0.8899999999999999,0.8399999999999999,-0.7599999999999999
G,93,A,l5,21.39994158,18.54528984,28.38516164,14.026800000000001,0.40000000000000036,26.0,19.0,67.0,47.0,41.0,2.2,0.9199999999999999,1.06,0.15999999999999992,-0.7599999999999999
G,93,C,l5,21.39994158,18.54528984,28.38516164,46.092800000000004,-5.3,40.0,38.0,104.0,52.0,49.0,2.9,0.24,-0.2,0.49,-0.34999999999999987
G,93,R,l5,21.39994158,18.54528984,28.38516164,99.13560000000001,-1.8999999999999995,159.0,100.0,196.0,-26.0,-14.0,-4.1,0.26,0.14,0.08999999999999997,-0.21999999999999997
G,93,D,l5,21.39994158,18.54528984,28.38516164,58.0366,-1.8999999999999995,59.0,43.0,106.0,-18.0,-55.0,-3.1,0.44999999999999996,0.0,-0.010000000000000009,-0.32999999999999985
V,94,V,l5,21.63470044,18.864124800000003,26.87620471,0.0,0.0,0.0,0.0,0.0,0.0,0.0,0.0,0.0,0.0,0.0,0.0
V,94,A,l5,21.63470044,18.864124800000003,26.87620471,-28.053799999999995,1.0,-50.0,-38.0,-50.0,-32.0,-35.0,-2.4000000000000004,0.31000000000000005,0.17000000000000015,-0.6799999999999999,0.0
A,95,A,b6,17.5640887,16.55754627,23.81534909,0.0,0.0,0.0,0.0,0.0,0.0,0.0,0.0,0.0,0.0,0.0,0.0
A,95,G,b6,17.5640887,16.55754627,23.81534909,-14.026800000000001,-0.40000000000000036,-26.0,-19.0,-67.0,-47.0,-41.0,-2.2,-0.9199999999999999,-1.06,-0.15999999999999992,0.7599999999999999
A,95,V,b6,17.5640887,16.55754627,23.81534909,28.053799999999995,-1.0,50.0,38.0,50.0,32.0,35.0,2.4000000000000004,-0.31000000000000005,-0.17000000000000015,0.6799999999999999,0.0
A,95,T,b6,17.5640887,16.55754627,23.81534909,30.026299999999992,-1.5,30.0,26.0,35.0,-34.0,-28.0,-2.5,-0.63,-0.8400000000000001,0.22999999999999998,0.39
D,96,D,b6,20.20301284,19.73934806,24.80792593,0.0,0.0,0.0,0.0,0.0,0.0,0.0,0.0,0.0,0.0,0.0,0.0
D,96,N,b6,20.20301284,19.73934806,24.80792593,-0.9847000000000037,-0.6000000000000005,10.0,5.0,7.0,-23.0,27.0,0.0,-0.25,0.0,-0.15000000000000002,0.24
D,96,V,b6,20.20301284,19.73934806,24.80792593,-15.956000000000003,1.2999999999999998,17.0,14.0,11.0,97.0,131.0,7.7,0.15999999999999992,0.8899999999999999,0.8499999999999999,-0.43000000000000005
V,97,V,b6,16.044076699999998,16.50867302,20.18865627,0.0,0.0,0.0,0.0,0.0,0.0,0.0,0.0,0.0,0.0,0.0,0.0
V,97,L,b6,16.044076699999998,16.50867302,20.18865627,14.026899999999998,2.5999999999999996,26.0,19.0,20.0,21.0,21.0,0.2999999999999998,0.20000000000000018,0.49,-0.42999999999999994,0.0
V,97,M,b6,16.044076699999998,16.50867302,20.18865627,32.066,-3.7,29.0,19.0,43.0,-5.0,-2.0,-2.3000000000000003,0.06000000000000005,-0.16999999999999993,0.020000000000000018,-0.050000000000000044
S,98,S,b6,18.63308162,20.96203041,22.41410957,0.0,0.0,0.0,0.0,0.0,0.0,0.0,0.0,0.0,0.0,0.0,0.0
I,99,I,b6,14.40498256,18.43079077,19.10965695,0.0,0.0,0.0,0.0,0.0,0.0,0.0,0.0,0.0,0.0,0.0,0.0
I,99,V,b6,14.40498256,18.43079077,19.10965695,-14.026899999999998,1.0,-27.0,-19.0,-23.0,-21.0,-23.0,7.4,0.1399999999999999,0.19999999999999996,0.04999999999999982,-0.12
E,100,E,b6,18.62539239,23.43563438,20.86914093,0.0,0.0,0.0,0.0,0.0,0.0,0.0,0.0,0.0,0.0,0.0,0.0
E,100,G,b6,18.62539239,23.43563438,20.86914093,-72.0635,0.7999999999999998,-89.0,-61.0,-138.0,18.0,10.0,3.1,-1.0,-0.9199999999999999,0.55,0.5499999999999999
E,100,K,b6,18.62539239,23.43563438,20.86914093,-0.941299999999984,-0.5,16.0,26.0,29.0,-19.0,-13.0,-0.3999999999999999,-0.45999999999999996,-0.32000000000000006,0.48,0.18000000000000005
D,101,D,b6,14.37361046,20.57832327,17.58180991,0.0,0.0,0.0,0.0,0.0,0.0,0.0,0.0,0.0,0.0,0.0,0.0
D,101,G,b6,14.37361046,20.57832327,17.58180991,-58.0366,1.8999999999999995,-59.0,-43.0,-106.0,18.0,55.0,3.1,-0.44999999999999996,0.0,0.010000000000000009,0.32999999999999985
D,101,Y,b6,14.37361046,20.57832327,17.58180991,48.08739999999999,-1.9000000000000004,78.0,50.0,81.0,67.0,118.0,2.2,-0.37,0.04999999999999993,0.49,0.09999999999999987
D,101,H,b6,14.37361046,20.57832327,17.58180991,22.052599999999998,-3.0,42.0,27.0,45.0,-24.0,63.0,0.2999999999999998,0.26,0.33999999999999997,-0.09000000000000008,-0.17000000000000004
D,101,N,b6,14.37361046,20.57832327,17.58180991,-0.9847000000000037,-0.6000000000000005,10.0,5.0,7.0,-23.0,27.0,0.0,-0.25,0.0,-0.15000000000000002,0.24
S,102,S,l6,17.257524399999998,24.2820638,19.20375743,0.0,0.0,0.0,0.0,0.0,0.0,0.0,0.0,0.0,0.0,0.0,0.0
V,103,V,l6,13.47353975,21.64457922,17.05796756,0.0,0.0,0.0,0.0,0.0,0.0,0.0,0.0,0.0,0.0,0.0,0.0
I,104,I,l6,12.76808631,17.93263859,13.560814,0.0,0.0,0.0,0.0,0.0,0.0,0.0,0.0,0.0,0.0,0.0,0.0
I,104,F,l6,12.76808631,17.93263859,13.560814,34.01710000000001,-1.6,34.0,11.0,35.0,-8.0,1.0,6.0,0.1200000000000001,-0.08000000000000007,-0.32000000000000006,0.030000000000000027
S,105,S,l6,16.67055218,20.632166,12.799710300000001,0.0,0.0,0.0,0.0,0.0,0.0,0.0,0.0,0.0,0.0,0.0,0.0
S,105,L,l6,16.67055218,20.632166,12.799710300000001,26.0813,1.6999999999999993,69.0,51.0,57.0,107.0,102.0,5.3,0.55,1.21,0.5,-0.61
L,106,L,l6,18.36969588,19.49659185,11.39078214,0.0,0.0,0.0,0.0,0.0,0.0,0.0,0.0,0.0,0.0,0.0,0.0
L,106,V,l6,18.36969588,19.49659185,11.39078214,-14.026899999999998,-2.5999999999999996,-26.0,-19.0,-20.0,-21.0,-21.0,-0.2999999999999998,-0.20000000000000018,-0.49,0.42999999999999994,0.0
L,106,F,l6,18.36969588,19.49659185,11.39078214,34.01710000000001,-5.199999999999999,35.0,11.0,38.0,-8.0,3.0,-1.7000000000000002,-0.21999999999999997,-0.77,0.06000000000000005,0.15000000000000002
S,107,S,l6,20.47165334,22.75613847,12.57430838,0.0,0.0,0.0,0.0,0.0,0.0,0.0,0.0,0.0,0.0,0.0,0.0
G,108,G,l6,19.95499079,23.09990283,12.91406148,0.0,0.0,0.0,0.0,0.0,0.0,0.0,0.0,0.0,0.0,0.0,0.0
G,108,V,l6,19.95499079,23.09990283,12.91406148,42.0806,-0.5999999999999996,76.0,57.0,117.0,79.0,76.0,4.6000000000000005,0.6099999999999999,0.8899999999999999,0.8399999999999999,-0.7599999999999999
D,109,D,l6,17.93024511,22.85358951,13.83713736,0.0,0.0,0.0,0.0,0.0,0.0,0.0,0.0,0.0,0.0,0.0,0.0
D,109,Y,l6,17.93024511,22.85358951,13.83713736,48.08739999999999,-1.9000000000000004,78.0,50.0,81.0,67.0,118.0,2.2,-0.37,0.04999999999999993,0.49,0.09999999999999987
H,110,H,l6,15.27141849,21.41788182,13.93553646,0.0,0.0,0.0,0.0,0.0,0.0,0.0,0.0,0.0,0.0,0.0,0.0
C,111,C,l6,16.28840053,18.59583213,9.810867694,0.0,0.0,0.0,0.0,0.0,0.0,0.0,0.0,0.0,0.0,0.0,0.0
C,111,Y,l6,16.28840053,18.59583213,9.810867694,60.031199999999984,1.4999999999999998,97.0,55.0,83.0,-3.0,14.0,-3.8,-0.16000000000000003,0.24999999999999994,-0.010000000000000009,0.11999999999999988
I,112,I,l6,12.94973654,14.83734341,9.429235517,0.0,0.0,0.0,0.0,0.0,0.0,0.0,0.0,0.0,0.0,0.0,0.0
I,112,M,l6,12.94973654,14.83734341,9.429235517,18.039100000000005,-2.7,2.0,0.0,20.0,-26.0,-25.0,5.1,0.19999999999999996,0.030000000000000027,0.06999999999999984,-0.17000000000000004
I,112,T,l6,12.94973654,14.83734341,9.429235517,-12.054400000000001,0.5,-47.0,-31.0,-38.0,-87.0,-86.0,2.5,-0.18000000000000005,-0.47,-0.40000000000000013,0.27
I,113,I,l6,17.74185717,16.41024604,7.734505632,0.0,0.0,0.0,0.0,0.0,0.0,0.0,0.0,0.0,0.0,0.0,0.0
I,113,T,l6,17.74185717,16.41024604,7.734505632,-12.054400000000001,0.5,-47.0,-31.0,-38.0,-87.0,-86.0,2.5,-0.18000000000000005,-0.47,-0.40000000000000013,0.27
I,113,F,l6,17.74185717,16.41024604,7.734505632,34.01710000000001,-1.6,34.0,11.0,35.0,-8.0,1.0,6.0,0.1200000000000001,-0.08000000000000007,-0.32000000000000006,0.030000000000000027
G,114,G,l6,16.05019973,13.02275212,6.040599556,0.0,0.0,0.0,0.0,0.0,0.0,0.0,0.0,0.0,0.0,0.0,0.0
G,114,A,l6,16.05019973,13.02275212,6.040599556,14.026800000000001,0.40000000000000036,26.0,19.0,67.0,47.0,41.0,2.2,0.9199999999999999,1.06,0.15999999999999992,-0.7599999999999999
R,115,R,l6,12.76418293,13.26007282,7.5488794089999995,0.0,0.0,0.0,0.0,0.0,0.0,0.0,0.0,0.0,0.0,0.0,0.0
R,115,G,l6,12.76418293,13.26007282,7.5488794089999995,-99.13560000000001,1.8999999999999995,-159.0,-100.0,-196.0,26.0,14.0,4.1,-0.26,-0.14,-0.08999999999999997,0.21999999999999997
R,115,C,l6,12.76418293,13.26007282,7.5488794089999995,-53.0428,-3.4000000000000004,-119.0,-62.0,-92.0,78.0,63.0,7.0,-0.020000000000000018,-0.34,0.4,-0.1299999999999999
T,116,T,b7,10.57713352,6.608712485,9.945147463,0.0,0.0,0.0,0.0,0.0,0.0,0.0,0.0,0.0,0.0,0.0,0.0
T,116,R,b7,10.57713352,6.608712485,9.945147463,55.08250000000001,-0.7999999999999998,103.0,55.0,94.0,-39.0,-27.0,-3.8,-0.029999999999999916,-0.07999999999999996,-0.29999999999999993,0.1499999999999999
L,117,L,b7,10.241026,8.462440865,12.23345315,0.0,0.0,0.0,0.0,0.0,0.0,0.0,0.0,0.0,0.0,0.0,0.0
L,117,V,b7,10.241026,8.462440865,12.23345315,-14.026899999999998,-2.5999999999999996,-26.0,-19.0,-20.0,-21.0,-21.0,-0.2999999999999998,-0.20000000000000018,-0.49,0.42999999999999994,0.0
V,118,V,b7,7.389167822999999,5.769888445,14.37584803,0.0,0.0,0.0,0.0,0.0,0.0,0.0,0.0,0.0,0.0,0.0,0.0
V,118,L,b7,7.389167822999999,5.769888445,14.37584803,14.026899999999998,2.5999999999999996,26.0,19.0,20.0,21.0,21.0,0.2999999999999998,0.20000000000000018,0.49,-0.42999999999999994,0.0
V,118,M,b7,7.389167822999999,5.769888445,14.37584803,32.066,-3.7,29.0,19.0,43.0,-5.0,-2.0,-2.3000000000000003,0.06000000000000005,-0.16999999999999993,0.020000000000000018,-0.050000000000000044
V,119,V,b7,10.54074037,8.266751008,18.23088939,0.0,0.0,0.0,0.0,0.0,0.0,0.0,0.0,0.0,0.0,0.0,0.0
H,120,H,b7,7.610934164,9.334537166,19.18854655,0.0,0.0,0.0,0.0,0.0,0.0,0.0,0.0,0.0,0.0,0.0,0.0
H,120,L,b7,7.610934164,9.334537166,19.18854655,-23.981700000000004,6.8999999999999995,1.0,6.0,-14.0,142.0,89.0,7.7,0.10000000000000009,1.04,0.51,-0.26
E,121,E,l7,12.96376961,12.50018667,24.39392849,0.0,0.0,0.0,0.0,0.0,0.0,0.0,0.0,0.0,0.0,0.0,0.0
K,122,K,l7,12.73109304,15.42013164,25.99958871,0.0,0.0,0.0,0.0,0.0,0.0,0.0,0.0,0.0,0.0,0.0,0.0
A,123,A,l7,11.83957743,17.10145842,25.53813327,0.0,0.0,0.0,0.0,0.0,0.0,0.0,0.0,0.0,0.0,0.0,0.0
D,124,D,l7,8.388067895,16.33542538,22.52187048,0.0,0.0,0.0,0.0,0.0,0.0,0.0,0.0,0.0,0.0,0.0,0.0
D,124,G,l7,8.388067895,16.33542538,22.52187048,-58.0366,1.8999999999999995,-59.0,-43.0,-106.0,18.0,55.0,3.1,-0.44999999999999996,0.0,0.010000000000000009,0.32999999999999985
D,124,V,l7,8.388067895,16.33542538,22.52187048,-15.956000000000003,1.2999999999999998,17.0,14.0,11.0,97.0,131.0,7.7,0.15999999999999992,0.8899999999999999,0.8499999999999999,-0.43000000000000005
D,125,D,l7,11.14806436,20.26001474,26.08772179,0.0,0.0,0.0,0.0,0.0,0.0,0.0,0.0,0.0,0.0,0.0,0.0
D,125,H,l7,11.14806436,20.26001474,26.08772179,22.052599999999998,-3.0,42.0,27.0,45.0,-24.0,63.0,0.2999999999999998,0.26,0.33999999999999997,-0.09000000000000008,-0.17000000000000004
L,126,L,l7,10.34847506,20.24684706,23.98190952,0.0,0.0,0.0,0.0,0.0,0.0,0.0,0.0,0.0,0.0,0.0,0.0
L,126,S,l7,10.34847506,20.24684706,23.98190952,-26.0813,-1.6999999999999993,-69.0,-51.0,-57.0,-107.0,-102.0,-5.3,-0.55,-1.21,-0.5,0.61
G,127,G,l7,10.68635384,21.77843144,25.24839079,0.0,0.0,0.0,0.0,0.0,0.0,0.0,0.0,0.0,0.0,0.0,0.0
G,127,R,l7,10.68635384,21.77843144,25.24839079,99.13560000000001,-1.8999999999999995,159.0,100.0,196.0,-26.0,-14.0,-4.1,0.26,0.14,0.08999999999999997,-0.21999999999999997
K,128,K,l7,14.91278965,25.87824854,29.02917827,0.0,0.0,0.0,0.0,0.0,0.0,0.0,0.0,0.0,0.0,0.0,0.0
G,129,G,l7,14.45462473,24.0901264,29.56762772,0.0,0.0,0.0,0.0,0.0,0.0,0.0,0.0,0.0,0.0,0.0,0.0
G,130,G,l7,16.50680683,26.45736824,31.39055159,0.0,0.0,0.0,0.0,0.0,0.0,0.0,0.0,0.0,0.0,0.0,0.0
N,131,N,l7,15.15014073,23.81050558,29.88213805,0.0,0.0,0.0,0.0,0.0,0.0,0.0,0.0,0.0,0.0,0.0,0.0
E,132,E,l7,14.78514069,23.90592528,28.17242443,0.0,0.0,0.0,0.0,0.0,0.0,0.0,0.0,0.0,0.0,0.0,0.0
E,132,K,l7,14.78514069,23.90592528,28.17242443,-0.941299999999984,-0.5,16.0,26.0,29.0,-19.0,-13.0,-0.3999999999999999,-0.45999999999999996,-0.32000000000000006,0.48,0.18000000000000005
E,133,E,l7,11.26442963,19.01979205,25.17617202,0.0,0.0,0.0,0.0,0.0,0.0,0.0,0.0,0.0,0.0,0.0,0.0
E,133,V,l7,11.26442963,19.01979205,25.17617202,-29.9829,0.20000000000000018,-13.0,-4.0,-21.0,97.0,86.0,7.7,-0.3900000000000001,-0.030000000000000027,1.39,-0.20999999999999996
S,134,S,l7,10.95876148,20.93723205,25.82975431,0.0,0.0,0.0,0.0,0.0,0.0,0.0,0.0,0.0,0.0,0.0,0.0
S,134,N,l7,10.95876148,20.93723205,25.82975431,27.0257,-2.8000000000000007,36.0,23.0,33.0,-34.0,-23.0,-2.7,-0.06000000000000005,-0.16999999999999993,-0.06999999999999995,0.06000000000000005
S,134,T,l7,10.95876148,20.93723205,25.82975431,14.026899999999998,-1.4000000000000004,23.0,20.0,22.0,20.0,18.0,0.10000000000000009,0.029999999999999916,0.050000000000000044,0.48,-0.21999999999999997
T,135,T,l7,11.09597568,21.96287713,24.59398265,0.0,0.0,0.0,0.0,0.0,0.0,0.0,0.0,0.0,0.0,0.0,0.0
K,136,K,l7,9.847160013,18.61808187,21.94114859,0.0,0.0,0.0,0.0,0.0,0.0,0.0,0.0,0.0,0.0,0.0,0.0
T,137,T,l7,6.806716778999999,14.87563605,20.59944256,0.0,0.0,0.0,0.0,0.0,0.0,0.0,0.0,0.0,0.0,0.0,0.0
T,137,A,l7,6.806716778999999,14.87563605,20.59944256,-30.026299999999992,1.5,-30.0,-26.0,-35.0,34.0,28.0,2.5,0.63,0.8400000000000001,-0.22999999999999998,-0.39
T,137,R,l7,6.806716778999999,14.87563605,20.59944256,55.08250000000001,-0.7999999999999998,103.0,55.0,94.0,-39.0,-27.0,-3.8,-0.029999999999999916,-0.07999999999999996,-0.29999999999999993,0.1499999999999999
G,138,G,l7,7.873875998,17.14269337,22.86709093,0.0,0.0,0.0,0.0,0.0,0.0,0.0,0.0,0.0,0.0,0.0,0.0
G,138,E,l7,7.873875998,17.14269337,22.86709093,72.0635,-0.7999999999999998,89.0,61.0,138.0,-18.0,-10.0,-3.1,1.0,0.9199999999999999,-0.55,-0.5499999999999999
N,139,N,l7,10.60316473,17.98967466,25.43317792,0.0,0.0,0.0,0.0,0.0,0.0,0.0,0.0,0.0,0.0,0.0,0.0
N,139,D,l7,10.60316473,17.98967466,25.43317792,0.9847000000000037,0.6000000000000005,-10.0,-5.0,-7.0,23.0,-27.0,0.0,0.25,0.0,0.15000000000000002,-0.24
N,139,K,l7,10.60316473,17.98967466,25.43317792,14.070300000000017,1.2000000000000002,36.0,39.0,54.0,4.0,5.0,-0.3999999999999999,0.3400000000000001,0.5999999999999999,0.08999999999999997,-0.28
N,139,H,l7,10.60316473,17.98967466,25.43317792,23.037300000000002,-2.3999999999999995,32.0,22.0,38.0,-1.0,36.0,0.2999999999999998,0.51,0.33999999999999997,0.05999999999999994,-0.41000000000000003
A,140,A,l7,8.063226195,13.38105408,21.97387694,0.0,0.0,0.0,0.0,0.0,0.0,0.0,0.0,0.0,0.0,0.0,0.0
A,140,G,l7,8.063226195,13.38105408,21.97387694,-14.026800000000001,-0.40000000000000036,-26.0,-19.0,-67.0,-47.0,-41.0,-2.2,-0.9199999999999999,-1.06,-0.15999999999999992,0.7599999999999999
G,141,G,l7,9.932316912000001,12.51811781,22.74101365,0.0,0.0,0.0,0.0,0.0,0.0,0.0,0.0,0.0,0.0,0.0,0.0
G,141,E,l7,9.932316912000001,12.51811781,22.74101365,72.0635,-0.7999999999999998,89.0,61.0,138.0,-18.0,-10.0,-3.1,1.0,0.9199999999999999,-0.55,-0.5499999999999999
G,141,A,l7,9.932316912000001,12.51811781,22.74101365,14.026800000000001,0.40000000000000036,26.0,19.0,67.0,47.0,41.0,2.2,0.9199999999999999,1.06,0.15999999999999992,-0.7599999999999999
S,142,S,l7,11.76857772,10.12839239,22.29381724,0.0,0.0,0.0,0.0,0.0,0.0,0.0,0.0,0.0,0.0,0.0,0.0
R,143,R,b8,8.891057147,6.089255053,17.07642907,0.0,0.0,0.0,0.0,0.0,0.0,0.0,0.0,0.0,0.0,0.0,0.0
L,144,L,b8,13.46171005,8.811757323,21.65626921,0.0,0.0,0.0,0.0,0.0,0.0,0.0,0.0,0.0,0.0,0.0,0.0
L,144,F,b8,13.46171005,8.811757323,21.65626921,34.01710000000001,-5.199999999999999,35.0,11.0,38.0,-8.0,3.0,-1.7000000000000002,-0.21999999999999997,-0.77,0.06000000000000005,0.15000000000000002
L,144,S,b8,13.46171005,8.811757323,21.65626921,-26.0813,-1.6999999999999993,-69.0,-51.0,-57.0,-107.0,-102.0,-5.3,-0.55,-1.21,-0.5,0.61
A,145,A,b8,13.202366099999999,5.443400691,17.76810197,0.0,0.0,0.0,0.0,0.0,0.0,0.0,0.0,0.0,0.0,0.0,0.0
A,145,T,b8,13.202366099999999,5.443400691,17.76810197,30.026299999999992,-1.5,30.0,26.0,35.0,-34.0,-28.0,-2.5,-0.63,-0.8400000000000001,0.22999999999999998,0.39
A,145,G,b8,13.202366099999999,5.443400691,17.76810197,-14.026800000000001,-0.40000000000000036,-26.0,-19.0,-67.0,-47.0,-41.0,-2.2,-0.9199999999999999,-1.06,-0.15999999999999992,0.7599999999999999
C,146,C,b8,12.3467677,2.557086113,14.35824813,0.0,0.0,0.0,0.0,0.0,0.0,0.0,0.0,0.0,0.0,0.0,0.0
C,146,R,b8,12.3467677,2.557086113,14.35824813,53.0428,3.4000000000000004,119.0,62.0,92.0,-78.0,-63.0,-7.0,0.020000000000000018,0.34,-0.4,0.1299999999999999
G,147,G,b8,13.67179597,5.683108215,11.880580199999999,0.0,0.0,0.0,0.0,0.0,0.0,0.0,0.0,0.0,0.0,0.0,0.0
G,147,D,b8,13.67179597,5.683108215,11.880580199999999,58.0366,-1.8999999999999995,59.0,43.0,106.0,-18.0,-55.0,-3.1,0.44999999999999996,0.0,-0.010000000000000009,-0.32999999999999985
G,147,R,b8,13.67179597,5.683108215,11.880580199999999,99.13560000000001,-1.8999999999999995,159.0,100.0,196.0,-26.0,-14.0,-4.1,0.26,0.14,0.08999999999999997,-0.21999999999999997
G,147,S,b8,13.67179597,5.683108215,11.880580199999999,30.026199999999996,0.3000000000000007,33.0,25.0,80.0,-7.0,-5.0,-0.4,0.26,0.16999999999999993,-0.09000000000000008,-0.1499999999999999
V,148,V,b8,15.74663989,9.007857391,9.230442123,0.0,0.0,0.0,0.0,0.0,0.0,0.0,0.0,0.0,0.0,0.0,0.0
V,148,I,b8,15.74663989,9.007857391,9.230442123,14.026899999999998,-1.0,27.0,19.0,23.0,21.0,23.0,-7.4,-0.1399999999999999,-0.19999999999999996,-0.04999999999999982,0.12
V,148,G,b8,15.74663989,9.007857391,9.230442123,-42.0806,0.5999999999999996,-76.0,-57.0,-117.0,-79.0,-76.0,-4.6000000000000005,-0.6099999999999999,-0.8899999999999999,-0.8399999999999999,0.7599999999999999
I,149,I,l9,14.17639402,11.45253853,8.564991687000001,0.0,0.0,0.0,0.0,0.0,0.0,0.0,0.0,0.0,0.0,0.0,0.0
I,149,T,l9,14.17639402,11.45253853,8.564991687000001,-12.054400000000001,0.5,-47.0,-31.0,-38.0,-87.0,-86.0,2.5,-0.18000000000000005,-0.47,-0.40000000000000013,0.27
G,150,G,b9,18.85943428,14.33021441,8.833799484,0.0,0.0,0.0,0.0,0.0,0.0,0.0,0.0,0.0,0.0,0.0,0.0
I,151,I,b9,22.51703977,19.09132985,8.758797113,0.0,0.0,0.0,0.0,0.0,0.0,0.0,0.0,0.0,0.0,0.0,0.0
I,151,T,b9,22.51703977,19.09132985,8.758797113,-12.054400000000001,0.5,-47.0,-31.0,-38.0,-87.0,-86.0,2.5,-0.18000000000000005,-0.47,-0.40000000000000013,0.27
I,151,S,b9,22.51703977,19.09132985,8.758797113,-26.0813,1.9000000000000004,-70.0,-51.0,-60.0,-107.0,-104.0,2.4000000000000004,-0.20999999999999996,-0.52,-0.8800000000000001,0.49
A,152,A,C,23.31477293,19.53698918,12.618860699999999,0.0,0.0,0.0,0.0,0.0,0.0,0.0,0.0,0.0,0.0,0.0,0.0
A,152,P,C,23.31477293,19.53698918,12.618860699999999,26.037899999999993,-2.4000000000000004,37.0,23.0,38.0,-93.0,-87.0,-3.4000000000000004,-0.86,-1.59,-0.35,0.7899999999999999
Q,153,Q,C,28.66595226,24.19177913,17.437633399999996,0.0,0.0,0.0,0.0,0.0,0.0,0.0,0.0,0.0,0.0,0.0,0.0
